<?xml version="1.0"?>
<VissimConfigurerData xmlns:xsd="http://www.w3.org/2001/XMLSchema" xmlns:xsi="http://www.w3.org/2001/XMLSchema-instance" VissimRunDuringSimulation="false" ReportUnsupportedRoads="true" GenerateOnBuild="false">
  <EgoVehicle UniqueID="0" />
  <PreScanVehicles>
    <Vehicle UniqueID="29" />
    <Vehicle UniqueID="2284" />
    <Vehicle UniqueID="2287" />
    <Vehicle UniqueID="2290" />
    <Vehicle UniqueID="2291" />
  </PreScanVehicles>
  <ExternallyControlledVehicles />
</VissimConfigurerData>